id,Consecutivo,Anio,FechaIngreso1,PosibilidadServicio,Sector,DireccionObra,ComunaSector,CiudadMunicipio,NombreProyecto,PropietarioObra,FirmaConsultoraProyectista,IngenieroAsignado,No,Tipo,No2,Tipo2,EstadoAvance,EstadoAtencion,FechaEstado,AreaConstruccionFacturada,CostoFacturadoIVA,FechaLiquidacion,FechaPago,RadicacionNo,FechaAprobacion,OficioAprobacion,CCNITPropietario,DireccionPropietario,TelefonoPropietario,CorreoElectronicoPropietario,DireccionFirmaConsultoraProyectista,TelefonoProyectista,CorreoElectronicoFirmaConsultoraProyectista,Aprob1,Devol1,DiasRev1,FechaIngreso2,Aprob2,Devol2,DiasRev2,FechaIngreso3,Devol3,DiasRev3,Aprob3,FechaIngreso4,Devol4,DiasRev4,Aprob4,FechaIngreso5,Devol5,DiasRev5,Aprob5,FechaIngreso6,Devol6,DiasRev6,Aprob6,diasEnRevision,TotalRev
11,1,1,2023-02-11,1,1,1,1,1,1,1,1,1,1,1,1,1,1,1,2023-05-05,1.00,1.00,2023-06-13,2023-06-05,4,2023-06-22,0,1,0,0,1@ju.com,1,1,1@juh.com,0000-00-00,2023-06-12,81,0000-00-00,0000-00-00,0000-00-00,0,0000-00-00,0000-00-00,0,0000-00-00,0000-00-00,0000-00-00,0,0000-00-00,0000-00-00,0000-00-00,0,0000-00-00,0000-00-00,0000-00-00,0,0000-00-00,81,1
12,1,1,2023-01-14,1,1,1,1,1,1,1,1,1,1,1,1,1,1,1,2023-06-07,1.00,1.00,2023-05-31,2023-04-05,4,2023-06-06,0,1,1,1,1@ju.com,1,1,1@juh.com,0000-00-00,2023-06-06,98,0000-00-00,0000-00-00,0000-00-00,0,0000-00-00,0000-00-00,0,0000-00-00,0000-00-00,0000-00-00,0,0000-00-00,0000-00-00,0000-00-00,0,0000-00-00,0000-00-00,0000-00-00,0,0000-00-00,98,1
13,1,1,2023-06-07,1,1,1,1,1,1,1,1,1,1,1,1,1,1,1,2023-06-14,1.00,1.00,2023-06-21,2023-06-04,1,2023-06-20,1,1,1,1,1@ju.com,1,1,1@juh.com,0000-00-00,2023-06-29,14,0000-00-00,0000-00-00,0000-00-00,0,0000-00-00,0000-00-00,0,0000-00-00,0000-00-00,0000-00-00,0,0000-00-00,0000-00-00,0000-00-00,0,0000-00-00,0000-00-00,0000-00-00,0,0000-00-00,14,1
14,1,1,2023-06-07,1,1,1,1,1,1,1,1,1,1,1,1,1,1,1,2023-06-14,1.00,1.00,2023-06-21,2023-06-04,1,2023-06-20,1,1,1,1,1@ju.com,1,1,1@juh.com,0000-00-00,2023-06-29,14,0000-00-00,0000-00-00,0000-00-00,0,0000-00-00,0000-00-00,0,0000-00-00,0000-00-00,0000-00-00,0,0000-00-00,0000-00-00,0000-00-00,0,0000-00-00,0000-00-00,0000-00-00,0,0000-00-00,14,1
15,1,1,2023-06-07,1,1,1,1,1,1,1,1,1,1,1,1,1,1,1,2023-06-01,1.00,1.00,2023-06-01,2023-06-08,4,2023-06-07,0,1,1,1,1@ju.com,1,1,1@juh.com,0000-00-00,2023-06-15,4,0000-00-00,0000-00-00,0000-00-00,0,0000-00-00,0000-00-00,0,0000-00-00,0000-00-00,0000-00-00,0,0000-00-00,0000-00-00,0000-00-00,0,0000-00-00,0000-00-00,0000-00-00,0,0000-00-00,4,1
